Id,Class
KCeDuY5B0SUjlfxbT3X8,1
FbHh56UTgNAQlPsKOudE,1
Aa9zCWtbpOo750IlMRdY,1
0AwWs42SUQ19mI7eDcTC,1
adHqeXxjBJVt9KD7obTZ,1
fEMdwkrczmt7j0RTL14J,1
FftMq5zTYhDgRyxv3wBC,1
FGktWH4PKIdNimlo0B6Q,1
0KigmP9TLwJXNGz26tfO,1
fhPezOdViLjBl7pyaFNw,1
Ajy4saxIMJfzOi3CcH0S,1
fmkRebG1W6wOaUM59rxD,1
0WdoYq78xDkFMcIwRpmJ,1
Alip9zLkjS5OtryE46Rb,1
aloVCMO1bnqKtyuceNd9,1
ANwSdUVmzaRjl3oKIX0k,1
fRGHdh4L2OpgNYTJ9zQP,1
aRbNvuZ4LQ0JVYOTP2Ax,1
aRi6UqPbCVQs1gLWmF4e,1
FRyc0EQLMsbCmvYplidA,1
fs9oYJKeZ4BzXSlIWy3E,1
1JzApr8qu7Cci5LT23t9,1
1IGurl3q9bJQ7pmtMD8O,1
FURh5Tif1jXCzZGqlHyN,1
fy0va8HcFThxnBX5UMbE,1
1TieqSEpxIa6BmcGFsvM,1
fYUD3GcsHp2JBE4Meg0Q,1
21l6hcFemsiIapSqw8XO,1
AZYpv9a3cLxBuirIhmfU,1
B063Llt2F9Qpr5ORSbPJ,1
2AkLpJEONXZSefoC0BgQ,1
2BcVLYAwvCqM37U6bkj9,1
g6QHUYJW7vBiaPn4bkwX,1
g7xbdzt653NRcGKF8WU2,1
g9EOBe1tr5a3dUhLn2zu,1
2FM7DbSIHweyXBx8UVNQ,1
Bb8NqDIesPVfW4x3jLTQ,1
2PFLzYNrp1d96DAVQlIk,1
bf6w4apWBzyGLZhCqK7s,1
gEdIfOLARZ6rocTXj1hy,1
bFZTc8dX7Uit5JAVLvBx,1
2vN1Rihuanrg6UZoQqxV,1
2w9vSPLphY6jDmQlX3yb,1
gIDjYPOHKpMsXAyE5QeB,1
bkRlwrQS1pVG50DaIgKN,1
39gowdFUK2kGxcBnbALH,1
3aAduIoFRi8fj6Q54xNz,1
3aUTHQpJqC8czb1yohmA,1
GLcwfP1Z08pVWrg7uoy5,1
3DPkmSKTydJUFQ19Ol4s,1
3ekVow2ajZHbTnBcsDfX,1
GOPRE6b1ypHhFWoAVgKC,1
goYPdUatw3BQEl6iCI0D,1
bqdDVk28tEPlRyvALWuw,1
3IxTl7gVswPM9eJDkapX,1
GQjf5BRNoHmXzt91hb0L,1
Bul5Ss41PpjrwtFRHDh0,1
3ubKM2fLx4GCX1Eqkh0i,1
3X0ULNpuso5MKmZb1Sty,1
Gycu1WC5mE6BzMl2ArD7,1
gzfI1PqVjhYlkHBuTFLm,1
C1XFOqQ7ifPH23LaZolY,1
H3M05P1RSdql2eiXa6Vg,1
4bEmQThjKsiSPcFfzv1q,1
hascDlfInApRdyZVFm1o,1
4gmLdiWMqTFlR0UhBY7b,1
CARP1OEijlQVXYxZa0tH,1
HibqzSEn2t9ZGTCykJKR,1
CdbgJo8peBERKZNyQTYF,1
hJO6AGKpk2U1PqiX97cr,1
HkFgNRjpGq8VcAW0J9bx,1
cgjqJU4OnlGLavkNKQmX,1
cGNfA8C9wh1R5grDKQjX,1
HlayB2R1ZFzEQkw5oWrg,1
cifuIp4YRgK1Bjtw7X8s,1
cij8sn69KXL7moUrg2Zv,1
4y09ZDr5jWIsNSfkFHzO,1
CM53GutBya9do7piSRe0,1
cmB5MeSziuKsUlNDIgC2,1
5a3BqXVrZdHKFeMiuyox,1
5AWgucYh0Hr6K8tNBMQq,1
Hr6s4wUqkVjDTBIuKnJa,1
HRhfKEvl2kTVqm95NQ8o,1
COArhIyT2GEJ5Bz7dVQZ,1
cqoIY36dhwfDNrnlHJsx,1
CqRBQrebnK6WNFOI4lDg,1
5NAQh3w9SULO24RtEM6b,1
CQS2WYL4Oq1MpZnNfJU8,1
cRmPXUlkyYxFfNT0v2IS,1
5PutEYBseLzSyT4mdpIb,1
i0XDKGofpdHatM21hRLT,1
cxIb52FLlvanqM1ykopB,1
D2FbBoJAweiY8X0pxTOn,1
60gR3qnjoYPf4rpbCOSk,1
dBO4MNxb7AzLaoWpm9vC,1
IemKCvJBb7iaO2owVYHN,1
6KDiSvjJq215CNuoGzH8,1
6QAVaZX5SgTDHUpc3fMn,1
Ik2JctT0d7BxoChuYREl,1
6SHqMnAlwd79OrYL50Ti,1
IOcJwnQpZFA7fmM09hDC,1
78LEYtRhNmAP9Oogdv2Q,1
DoEYOjCZuGA3x4JSgW5d,1
IumK1fceOqnGjAzPDrSR,1
iuy39zbPM8EZ4NIpOUTf,1
7mHG3hRAz15I8CSo9Kej,1
ixCLrht37F0qSkoJQDgM,1
DuejROmZzVTIyQi1rAF9,1
dW12JO3kHuUQDLnZrB6C,1
iz2uT5qrtRNcM3IJjAhb,1
J1mFkVIda2ti9BnfG7Mp,1
j39FkSLKI7NT46Qicvwm,1
DYLwkzhKnNrxZ1Mf7yBE,1
DZpbRaEg4YIA69j7Wmot,1
7zygNrKJ614ea2vuSlBk,1
80gD69r3peFlTAGtXzu7,1
J9mdlXyFaQjNMtWk21uE,1
JatHiWwG3Amc6VTXuSqC,1
E3wQvGlh6V2yUIocMfB7,1
Ea9zrA0G5hdRBDt83LOI,1
8H7F04qlbk1nuVtCmRzZ,1
eCmdPkWwv7HGXZhtDFOT,1
8IvKHQxUmoe2CBwatuOi,1
jGeSITtdnpmlb3LYRvZu,1
JHYkOsdNScrzU0QADKyC,1
EdwQ1my8754NBkMaJxGA,1
8p7F2yktHj4Sxd5IPJDs,1
egd4hlyariNILVAQuPJ6,1
8VgdXSO0oFDwArpq3kBT,1
jmw9eDNhFgEXaOubnpxC,1
jNYoKIwy2RzQrLpcf5mi,1
94YPXMUJpoafhVGgEKHT,1
EphugcJjmrdbLs5CUMW0,1
9dOVJRHAPot6sCl8pNMI,1
JrMZW1EuK2mi3PbqojC8,1
eQUEjktxdVNPqmlw3nJW,1
9IRyEnuKQWOrlsY3tAp7,1
jUK5O9P6bJSAiMD0ofQy,1
9k7XsAPloT1qrQeV8RCa,1
erWsqub0mkpO1NyCoDlB,1
JW5KOAExTVe2qH3kM4SD,1
9me4ZqcyhoaNx8GzuFJR,1
eSTidoWz39JNnr0PgUkO,1
Evpm2HCFWB0buXNO3kQj,1
JYHewAqbWG78jOvmp6rh,1
9tmX2JACrdeGWHkY3fwi,1
k2VDmKNaUlXtnMhsuCic,1
f1oeHaTRizBkKXEnLGcF,1
a0IC5NMWt9HkBdfOZ8nK,1
K4M2P0EmlI7FxgSdXQD3,1
F4Yfxzi6htG1ReS0M7Z8,1
F3X2L89qjhUyCzIoPOrJ,1
F6BIw9uWHcxymC7tJsDM,1
KAGfZUyown7ieqDOgBYr,1
eU6LxAR3IJkmaP2CDfKj,2
eUfHduyMrs3pJKW0imDo,2
02K5GMYITj7bBoAisEmD,2
6LmWsZA2e5dbfhR1SB4P,2
05IXcWGxvnkto4sq17zZ,2
6lYnP71M2umQ3V4jJdLk,2
BrFQSqw8ejGomMlh6YtE,2
EXRJfhM8jdP3K2Hboz9L,2
0ASH2csN7k8jZyoRaqtn,2
0dnTixlMYzDUpsvEVrGc,2
6q2Y5BOx8RoluXjA10se,2
bU7GfhOH0QjyPtdzCseT,2
BuAk3XveYTb4FLRHtO8r,2
F2ClVtNKYrxp1QsEwGab,2
ieLs93AGTlXK6jBkQc2x,2
buF34LnOfJGyiEr0PTRg,2
buRJ9zQWwTilSgYckpCK,2
iEVTh37Mo4NWlAaqCFkU,2
IeWFCiobD0axuwfMUsAj,2
6SQwZ8l0jKCkh2ErRqJP,2
F6cqosn3GRDidyO0fYB5,2
igjezBrTh4SbGtIKZmlA,2
bYvCdoTMQypIa367GUL1,2
ByxapYZ2c4MFI3SEKf7b,2
6wQzVGgRDpW5ZuAMO0Us,2
0JfwyrEcBqaRzN9TgFMh,2
0KLUAMqmPJhOwaYrbSCE,2
0LQSi5wnRZ3muIs6Mx9E,2
73LO4S6We2aGQvM0qCXo,2
iIMmk8tNvLweAr2dfn9F,2
0Mx7E5XgoRcJavdPAit8,2
0pQ123lKqiLJtFTwjBfG,2
0qeE63wvCGzSapRuW4TI,2
7aS2U5b9AICGFQzplOx4,2
fduMbSetTV83BRx6KJQl,2
0TBj7glMRJScN9GmOzyi,2
fe9snrXGxKw1L28tDpRv,2
0VfuK267xTdeBcmLaCp1,2
FEWwOKmxAqVZPX6r1eLg,2
0WQtf1pNPdRqUI7KJFAT,2
Io0jnbMUGPDFeW1ciAds,2
fh3mXC290V6xOuwkWAgp,2
7iQNYb2mIPzy354RMLX6,2
7je1xyz0ip59f43nImHM,2
fhtP7wG5BXnMSQWVbkJm,2
ipjWCvhBI3UO6sr1gGZE,2
7jyrWaVeJudkHi1fgPT6,2
fi7s1LPgDHIF85aAkEjY,2
cb72yvfjMuQkKZERh5UP,2
fkYSDUsqMbrjCKhmA0ZG,2
Is7XAaJBcrSQNj2dmKlG,2
7pU9smclbORIArdDtvuF,2
IsiGAwhTrJx49BcFjNLq,2
1CG2F537YPzwlraIoykc,2
7qXRGMD4gi8VkIWSjyeF,2
7qY2raQ6izp1KwGcsdyn,2
CdoHWZrkilYB0mQEyjgp,2
CE2cZKbPRmYuOGwn5jDa,2
1GqxsQhZ3FutTnbgHpAf,2
7v0o3gGqdkjiOXRaEWQx,2
1hfkVAzp9jybt7YKEBrF,2
IVprGntTFw5sqBYU4xOE,2
FOijJzZuSwWcCkbHEgTx,2
FOxkTLeifaPImQ2yK6rM,2
FPX8CW9NolmqKYbh3nVt,2
CIJ1f70KSNDz8ZyoRFEH,2
ciYHMsqha46pFbrSyTZP,2
fqdi9SzGlkTNWDYrx35K,2
IyVlH08cxfzMLvjFbrOX,2
Izbos3ZTyWKju6k514NY,2
IZdcDmnywT9vLuM7fRiF,2
cM2epyubCXDZQgBKJ0NO,2
cMtHXFyh0bSkBKZ3aW6x,2
8BpCogQzxWahjF0wnOAD,2
fTdzEIkhXGAJiV7BqxsW,2
1WysH96E7LwIYafNrmO3,2
Ftqd7rZi148x0zIJMQPY,2
CQB3rgdZ4LPuUop7n0vm,2
CQBGfcqo9wWzUVDA2smx,2
fwhnaCdDvsWFLKb90JHq,2
cqeAnIZ25WC4vHmM7zOR,2
fXOBiTsSxvUeIMnVha3y,2
JBhPuigxYtENMs4yToa1,2
JbHYMfgWXkjx7iVA0Za5,2
fy0LNRhDO6mHbB148onM,2
Fy7gH1lciNL4MAdaETDG,2
27fiQdcEXxeyWoV9qu8r,2
jCAmu6J5gIBHU3TxopMD,2
CrscPL6baYHtUAW2FIR5,2
fySI08O2C9twFgr1uNXQ,2
2bf65CdkZTUGXjzq9KNJ,2
2BWnr5UAQ43bEg8tKJ0y,2
cRVOyGEn15HNAJClPU0X,2
fzLv3FCPoyHwONVkBRp8,2
8jMu2sOJQ6d3UD4YiBmA,2
Ct97bQUeGS5fRmaKANMZ,2
8O7mDBd4HqE3PxFtWnug,2
G0N2VlfcXS9qC3an7FDE,2
cuNE2eL7XtkbJQw50zsW,2
G3td1uFSQnHxrZ9jPE4X,2
g4DoxpUsImPfaCQV37hM,2
2j6bnlrCgNW9cvm0KIMH,2
8qS24bT3O6CyaxpkXnoN,2
g5C0uJOdZH1mRF8znra7,2
8Tvltu5MUWOfgNsSnKi3,2
jG4TKyJkzD97Vn1lrscI,2
8UkPtCpjVyIMKTLwnl43,2
2pBx4KMDEatfyGFwoqTO,2
gbkKyeR2uhSO5GzsIr0T,2
gbNWT5xaD1MJQKFRG2oP,2
8Z4xPFN1p53thUcRmJSH,2
D1jnAYav7uQ6GZ9cU5zP,2
8zYrtD6gFwnQT3EvpUsm,2
GCuDFKgQY2f1WH0B9VrE,2
GdA8RwInXaH5J1OfSEpN,2
D3WtlJNAupzn0vxXiIce,2
d3zMqD8Fehx6EvRUmBuZ,2
JK7liDHzL1AIfrPCcFTZ,2
2u7gO3U9chnEMfbP5oaF,2
9aJ7zD1Neqh8TKLoYcOt,2
JkoiGmLfBj4FtErK1VOH,2
2UcBWPt6mf8dohDsYxOR,2
Ggabo8prE7kDOqMtKAWX,2
9bj5QR2oHpZd7KiCGxFP,2
2wCPm7giSGuRejqFU0BN,2
DaL5EU7cJxGbqos4Tukv,2
JNtLaKBbDMqwTAyCXWzQ,2
JnysZFLMzgC4rQDtW7pB,2
JP7BMuOe5I0yYmSCbTNd,2
dcDQlArOkiyTbxIvVuan,2
39VK5R6xNtwkBZqDY7Lr,2
jSMk9CuP1e85WrwNd6gI,2
GLXFv4PfqV6dD9eaIO3h,2
jTgsFer9LQikYJ5aXBZR,2
3GSVkHtglIzQPv78d5bm,2
3GZL4dcysYpv2MSVOPb5,2
9sPtSV8rx5WNUukQ4qln,2
9tTYNv3RiWEKkqw1Ppf2,2
djHpkGZoE0n64ub7WPer,2
3Lrcb9Md4Isugz5alUK7,2
dLYhSmA1Ks5UDF0ErTOg,2
DnSUoWCAcyx2bsizNwK8,2
A5qy6H0JOBYsbCapvcfU,2
GTQjgZSf6328a5et7wNR,2
3UXfgqO2mhcrFZv4jzDn,2
gTYvO1hIrHSu0Q9G7FnU,2
GTZPO73Y4JwN5oRLveDx,2
GU32g0fBF91xp7JqNXHY,2
DPg5ad8fwEq2jAWCF4oO,2
jzvoOgMqke9NpTJl2Hh0,2
jZGFYe2TP1uDgWdr0saH,2
K2OouiFyb1xSIVLRNfqE,2
40ofYnDCl8TKJXwyGmrP,2
adrSTjE4bxs63w0oQR8U,2
K3BiLDx5eFqoG2tETujV,2
K3noAT9SbOV4RlDMf2Zk,2
AEBgp7zcRQZtd1mJbrFw,2
GWQal1VFCtwrE47xNeSJ,2
48hgcanwOk90e2A6FsLr,2
k4U7bfepOEJzgK8S23lX,2
gYadf1sCQqUIPiD5tGo7,2
DU2wypXWRjbvh4oAdOex,2
K86WCYGVMAkPen43mgUT,2
aG3K4v9cinAygDWmT0Mp,2
aH9dNyx1jZCzwbJYW3Xl,2
4iNJaXWGlkyVroOfHMqg,2
h1sIMzUVPxaBEXlnbdpS,2
4Jbygn1sIkMpzAUPBCRa,2
h2dmlEMoAOI3fPxZ0Bsc,2
aiuJTcU5Swlg1LzpFjdV,2
dXPc7zh306YQBOm4gZCK,2
4Kq0NxdX39AckSV5F7tm,2
DxzqgHIJi7okCsMdwEPG,2
4mAYcV9nGEikubgUXteL,2
dyB94fu1Kgkt8POEGH2m,2
aK4CPDZf05uQiwn7Or6V,2
dylV8BXRwaktCjHW1o0n,2
akGLtUpCrwA6VZT7Y4BN,2
KdVApoT8ODIh2ZcGE56R,2
DyOK7Wh5IpPq4bZ62oGH,2
4oxZLuH3TFAbSRtje0wy,2
4PLRF3BAbEtZTXnaGqfD,2
aLiKUXzYE2vSR3kle74Q,2
dZJi4Ayf1xpbrXz9s6Nh,2
HB6l3Esd2mZGrOwTfYiI,2
4QZHhpPAOd8CB6e3gtxR,2
e0uMA4Wf6dpHRZg2LVSC,2
hBTCW1VyKHjzUkncqpeo,2
Kgqb7YSefWCdlpmnvw18,2
HCs2eUx4OQTG5nRY3vMf,2
AqwKhntSpCI56vsH7WZe,2
hczfxqdtwX6lOPmZUJVS,2
AqyaxRL5DeZEYM2Tomj3,2
50Jfanb6tRU9QgoPZdpr,2
KJznWHN91MfGEc2C70rx,2
E5SkPYDzxpyMwtXTWZ8a,2
51NK2bWwuvf6rH7RTCPk,2
54sFSWh1V8P07qugyLwo,2
hePHMV0Uspcnd23R4Fyz,2
e6Glp0jLSDA3wxbnPsmO,2
E6IcUXrxM7pnusikqG9T,2
58BJu4mOfakNI1n9jKDV,2
hFVEPajwWYZU61Sb4Dyx,2
E81Gh6njYcyxT9UtPK0u,2
e8V74pOXQdNYs1HcTaIi,2
HJSPltnLF4DN3x18ZUjy,2
hL5VPA4jfzHRWusCaQi0,2
5CQsuk3ygnTmHKEBDbzZ,2
hLcXvdUBkxJRtraije6f,2
ECM0gid48UH3tfPyJWlm,2
aW5oFKLR81CiG2ly4gbw,2
hmxWlvCrP5zufkQb8Ljn,2
hMyn4mwJjsLI5l03PdV8,2
AycKDSBZqFkTC4UVnPRi,2
hnEAVHz5I7tQcjGWvRi1,2
5j8QqdJ1fUCcNEA49VLY,2
5LUGMOTbfNt8rQenmlBx,2
Hostb5jC4vASg0GupIZl,2
B4nqpNwsQj21XtKaYE7k,2
5QY8ZI9CpAKr2olctdL3,2
B7O90Mfiz5EPpJyTdXFb,2
hSATyqd2Ixgzf4D3jM0Q,2
5SBgh6Fu1xEYvljCWkNV,2
5SjzAvpC3dO9tRDTVyKx,2
HSpxv7XiuwNj2ceELTnJ,2
Ek7vsbD2Zd4IfM8xA0lw,2
5StqsK6dcek7TrWPa4EO,2
HsZwBUFC37T9q4dc1Pkv,2
bBzVwjRYZKSrTifUIW4g,2
eKTudHf0rpmbDUExgSn7,2
5xjZRvEN9KYVuar0GbWO,2
ELmatiKOqT8kuJWFjcwR,2
HueRQzwrp2OPDBYMITGx,2
emB5kWbEAGX2YQLS6jpg,2
EmcRqS2xpAOXlBfyuDUi,2
EMmQTRgzWJ7FLbuZAaoP,2
eMZYXFS0jiHTV5y742UC,2
5Zrij7tnYzFRaxI9edvf,2
624nasYWOLCkrcqB3HGg,2
Bfwzv7WUD5ucy9t0qrMI,2
HX5UK3f2skd0m9ZSr4DE,2
64vsfK12yBanCNdexz35,2
69aKs7pQZjI2tWN80bHy,2
BjaLF1KHchGQlUrYO6fn,2
6CausBfmV49nHh5qXYNi,2
I7ibzm1KMaYsuWfDoThr,2
boI83f2ylvkV9ag7NDxm,2
i8AI7QqlSXMaEzPCZRFu,2
04cvLCVPqBMs6yn5xGlE,3
50tF9JeP6UYcOrkmyMvs,3
06arUi9q3wHS2C8RZxeB,3
ACGth038lI7D2XUFVyPp,3
aCNO5F7wbqyDKZd4ti8R,3
foaW2s9e160A5kjJVcKx,3
i8kCqcbvENuprBmKX46L,3
57eKzrWGaR8un0HpPx91,3
58Z74rMBcgQaUk3CNIFE,3
aE81yCJwg67YFqOmZPRn,3
0csgzpwdL3FbZEJu6DjO,3
5A8gohkcasjzbKQeZB2r,3
cW45XHLmtsC3QgpiUvJO,3
aEOAxIp0dLm5QSDCy4vX,3
CScBfwWuLXZVyadNePJ4,3
CX2oOMKvclUw3Z7zrqxV,3
fR7HG9tZAaI1q62XnKyB,3
IcVuwSpZQzmUql3OxAva,3
5CiGOStRIX3ayFUrAeoQ,3
ICO4eZHTXFUnDo7NPVRr,3
aGCAeEkBqOowI8JTZNrn,3
ftaSA2odeIb3PhFY9Els,3
5fEXZxI1vBO8nbFdS2Mi,3
Aigal5hnywEbjpK9vNUC,3
CZlaEYRNPz5BfcsLx6jh,3
0J2pOclDKjadkL57eroz,3
aIn3UKNJyCvFkD4dGljR,3
CZvcR8GBrn5JIPdtqz1Y,3
D06LWUbuEB9O8toIAfpy,3
Czdn32NEL4YfxARaJuM9,3
5goj49DlYHBRu7TEU8AM,3
0K4sTCLtrIJ5SinQbe7u,3
0kzRDUmBLHGd4YPj7hO6,3
AjmEFTtv9KJaYZUrkzcg,3
AJryF7o4hU2LdfDXMaR9,3
ak9gTzFdlwmvVBoRMDh8,3
D51kzLEClKnMejm4VAU7,3
AKZi3yaUj6nkoDm1HeGB,3
Ijgzo3ts4kZ9UQ7h2nYd,3
FyMvxjWw50Zbmqk2uiJf,3
Alk4h8YQ3DrOo2KFn5fC,3
5mvtu96W8B4Ka7sYCSzr,3
D8jUY2W1v0cqAGxHNVm6,3
amO4HkjxM8KcdFBp0h5C,3
0qPYfxdvNrBX6ASbZltF,3
dA9ztZeivK5lagO17kJj,3
IMbPzjHdRV0pgNQXqLKF,3
0RCcpJ1DuKNMBsaQUgmA,3
iLdhAeC5DWmbVIBlTkvO,3
DAr5hm7i84gJzEWTUoeG,3
Ao6pPNzw2BkKsX0hTR7E,3
aoBnFI3NmKzYylct2xr6,3
g0DCo2kvMYdPAh4UNOjT,3
G1McmpbnaBkjwIZzyslY,3
g265T09zY4b3ZExKnr1R,3
DB6xp894gSmt5UAjoscY,3
g2KsAnxF4Jj8QWU1ihdH,3
0UwHZzuXy7GFStRKEgdx,3
5uqM1zonRdTQbetDF6wJ,3
DcIoXf51F3Jk7TNsjbqz,3
G4pBIT7W28V601CzoPnU,3
IPS2LtDTghvn1ledpo9f,3
0YIPlyX3fbNs2ntJRGgH,3
iQ0ZzWPnbqjaY4rEBGm8,3
5ywj3ePIlUD12EkxZtYF,3
g8YBNnm4T162fPK7tqjL,3
16gDhwbZTRjLMO9zI5cX,3
IQZ1HSzefy0jUGF8VAlx,3
17kCoALmxaXpcNzd5KnE,3
AU1Y7aLp3ryXsnWN6oHQ,3
63vS2seA0bRQhG4fugWE,3
gakqGme850Xcf76A9SnF,3
19lTEvHhVDprkGxgXLcf,3
IRdfwEvMDHeQVSa1pntx,3
GBNdXiuAb7CrO5vVoK9I,3
DiT8evBOkIyGsdxqjAhC,3
avd62N7yALwmUZipfoFM,3
aWg5v9VtjYfJz38HPqOQ,3
dJ8r0BjtTKZMFQXn3Aub,3
1cbYnSz3otKJCkijqAWV,3
Gc7fIKEtrPNZ2A48gHRy,3
AWvYHLw9OjZmSCiqFpgr,3
6FPdv92ayjKlUWbLmXS3,3
AXKWcOFlx5MNa7L6Rr4q,3
AxLDeEp0US2RsCcfJq6w,3
gCM2jaAJyE046GQusbiT,3
iVpCDGotFUS5fMHOz9qA,3
GCoiXh8BY0Nl4jO1P9zL,3
dkToRNX05vwZc2OsSGuV,3
gdMSLJ5UZmtPpN8W3ja6,3
IWUFk2w6THtdVq9yzn4s,3
dMLtGKfFj7WOs4wiIBmQ,3
6nCl3JdMAkKjXOgoN8U4,3
1LSYgNjTd3GmlvRMP5Do,3
GfTjcoAWkO1IQDvXrgiU,3
6oiK1LC8JYenZGc7kgs2,3
6PbsWOHRu4JvYnqGzrdx,3
B2Vfj0zqxgmZb7E8QpGK,3
dNw1IRg58zQl0oFVJS2q,3
J05bGKfypeStmv7UjBD1,3
b4o8xqvChYEO6mZdDtzK,3
1OayZHFbz3tPBE5XNkcS,3
6Qp2b3wMFnzhlKjxLJrk,3
J1pSxIYHluoVsGXdUOrc,3
6SpFHDUdJql8rbcZ0YIv,3
GIphNYPJuLqfs8FTcEdR,3
dPNz4TYKuCtmpOBS1gXj,3
DqEkcaoC2TuKxgGPdrsR,3
1UE8oOGSuImQZxeXLyK0,3
Ba2j9GDwq0HOtNrzbRuI,3
1VDamNFKYErzIjbfxRh2,3
6YexBrs0uzwSKTN5LpDn,3
1VOdRYq8jv3wtGMTWZ4a,3
1VMhvfCS30zbeFK4UZxL,3
dS6twLfzX3iyNv8EBnam,3
j93NIlLwHqnWDQeGA5Eh,3
21K8k3FDRwv5qbEWPaQl,3
GoYCdUnVlSbXwk8I9r1O,3
bENI2W7cLoyjuGvZpQ31,3
7ArW9wGpkimNy0aXJbIt,3
dV3jJqMW64Z27mEHNXGU,3
gp7MxT3EYbicRlBKty90,3
jBuKaDNdCeyWLkElmpSo,3
26IcTMH970BwKz5nFbrU,3
26mSoP1NGRYsyvqA5fbE,3
GqjF9NARSywHgC6bUBte,3
jCzu57r2voR9A86hFgHp,3
Gr8pcIbXheNmzaBiHgFR,3
2bGNC89glvMTi6ydPt1S,3
gROmPjLGQ34WNVr8ZtiX,3
grOUwuRlHBySvhJF0nLP,3
7FmNSjrBDkVI8g21bHpC,3
DwNQdfBUbji2WRGn1vLE,3
JEbogFC9kPnGSdi2KDaZ,3
dwSDEfQ57Aye46YmCNOG,3
2EkHfwNj5o7JcDq6UzuG,3
7HAqkJSVFhjle8tn412s,3
gsqykQJmjZ9FdXMeYoNa,3
7hd9cgiH8qxRmtInKr2N,3
bK8LJOUr6pNesx5haDzf,3
2FfmJdWv6RrIjzYhaKZ1,3
DY3QpwMcCOHsSWuVe89P,3
gTcyJ45Wb3CRzmEqZKse,3
7iL5gJyPeOdKruGDn82s,3
Jgp1wWtT2sOZKb5FSAy7,3
2HtAZBTbmReIGCUkqfh6,3
guaL1dwOMlUT5VesBNH7,3
guK1jI6B9oNCAaZ8TneQ,3
JGWcpmPRBEtarqZK4biM,3
aIB1DcJ893RjpdgMELfy,3
E0qNPVLshkYDOgyto91H,3
blw8c7vA4pDdrTk3Zn0H,3
gvhcKkI6twz5QeJ1BjEx,3
GVTOpAIgx2ch8UW4l5HK,3
Gw6ekSBuImx1052yTaVq,3
7qBpIPJl0DvXnuWAMr6i,3
E4r0jbMGeABRC92Ucz6l,3
2o9qPQI3SL0ZV7wirTAO,3
E54k3zBMYb1V9FHd7TGD,3
gX5HMyEWdP19Bb0ZwOV8,3
e5fn4GutJO601CgUSZF8,3
7slN1qRFSycIgd9Qwejx,3
GYFfQO42ls3rtZLUJe5x,3
BpbPFkoVHKJLO4wrxql6,3
JLiNd1ksMDOB4P9cWY2b,3
E7JvkZyTKF6fhWBUrosV,3
7ViTtBsPRgZQx1mqfHYO,3
2TtDCQBqdnV314lNMxSk,3
e9aloKnLSh8JGDjQ2B0T,3
7WkHb3TOoJ4XRYnBltNS,3
7wt6aGYEIzuJOXjBbyZP,3
FTPlW3bHICJZwrxia7hf,3
JO2iskzUlBVGj6Y4PEZc,3
EaKhto2dq3PArmlpM1cS,3
EARfujkVMXW1wQO9gcGq,3
EauSoMGmHqOL3i7Kyj9v,3
ieUqYbvXQJhLB4NDm097,3
2zGVAHuM3lhXJjonTyg4,3
7ZCB4m2QyOvGaNFUls5q,3
81lKRfdtTgnpWqIUYMzo,3
82kLgCGIRNXduWs1SrKh,3
jPuWJtg4px1DwvFAVb6e,3
H8P4UObGjAITtirg3h6c,3
35i2FSK0EnVOmNHpd8QU,3
Ed4GPSVXx8yneMLZlhKj,3
ha3muSrdjiVkA1JeBQ45,3
EdruKXjgh0GO8BMPs4f1,3
HatR5OEDxJYmzrQqCjAl,3
39ub8EQsPK6FY45ZcmCX,3
3a0lJWnNRb8QIxVHALGd,3
eFwWS831ZPtIVDkRvXOY,3
Haxpwg4SmfWQLEPyZ5jK,3
BxLpsG41I0qTgXKJPrtC,3
jtQ2rfKXL79cdBM5nwDW,3
HBoK6P8VSAEZhR5z4Qq2,3
bXWLaKzxlviEY1Gt7cjw,3
BxXFHVSY8oWfM5pwqyKA,3
jUy3cSnq2h9ICJkZ1HEX,3
3fN5bOwAxSQG2M1hWV4m,3
hcpZW5LfIklq0gCJsYTP,3
EhKFBX8bPTi2JQnZDYW6,3
hCsobXIAEn6SzjftWM90,3
EI4Jgyofj8CHR0ts59Ur,3
8JL469XT7m3yEuCVIZxM,3
hDxgImyk6HKLi0YuaZ29,3
3JI42LUuZET9tgvlYDqx,3
EkcHTrCgjeZRFKY2hN3J,3
3KRUBSNL1pbx9tIEc7CG,3
8lW0SucRGF2OTNLe7KZH,3
HFhLC9OzeNJbP2B6lmsf,3
HfLoa5txyimVwPgs4NvF,3
3maHUZPQ5Jg8lcGuqfoA,3
JyBvdherH16jbUktYL79,3
eL9bqR8yt05jTBWgVnFs,3
8OrsVW03Jp4LYekTAmZU,3
3NZJCsnHq1zpoF72dt6y,3
8radu4yWPiZsAQC6bJSK,3
hjESsM1TOUgAXkLzZiRr,3
eOQrlURGuJdo8ZEqjiDk,3
HJQiyIRqr6FPeBcoaEsk,3
K2jS3nvYxiVstye7IcCO,3
8U7ztLHDNnSmg3f1Qr2A,3
C8OaF3weNRMS2vphGUAx,3
hktS0giJvE2jeDBoqr1s,3
8WHGOMuhtDdw69FACxEJ,3
eRLxnaXMKOzUtEjvi9H2,3
CDcigxuZ0fYMlmz5ep3v,3
hmnKR1fgGFeidy5OHP9C,3
3y5HQzqXhoWfrkN0CwF6,3
908ECXqK41WUhyuiH2vc,3
3yitlJFLwPhTcNbUA2aS,3
ce5KGVx3FUMRzmCXQHOs,3
3ZLqxV7bTOWJm8BEtwCN,3
eu3NlqHJxfOcWkZIR87P,3
euLCGs3vYh5nwgZQt2H4,3
HpL0DOwY6RN7hcGeCylb,3
EUwpN3rOGLiAqRCuPVIf,3
cfOnFrdVRBbQhjpNe9Ut,3
9fyAiTPMpZvqX6Khnb7V,3
HQCNdPn3ytMDrB96b8kX,3
9HVsJ2mzdvpb14ySg5qc,3
exlXR3No8750FkhOSdAD,3
hRVBH2z6buFoNA7kZvS8,3
hs3jvI9Jx7iTzKPYEXcl,3
eXUS3QBdChLqRxM8aYEs,3
cijt4e7E8HuyZpfMd3nT,3
hsNbP67uBJjwyXVpcRqY,3
4dqEznNyiFwZVYrC5G6m,3
9NrLdu2DQaT8ERvwtoGh,3
htuGR4dWY0eTLVOKFxv9,3
cJQZpFegP6ChAVsX7nYG,3
4eT7psVXvblD3jfH9GgU,3
F1MbOITv92hf0GYlNgR8,3
4fL5iSGhJDwoWuNvcjBq,3
4gjwikNruTbCq1Js9A63,3
9PjuhOrlRqxHeQcEBYMX,3
f2Vh4qUzD0ntxRFEJaMW,3
f13zcuZU92T6Md0ynX4r,3
hUegtzYksEIxJGaj97Op,3
hv70Fi3rwKSlcsq6DmCE,3
hVxz0Pnbl9TRZ3t7mMs2,3
f1RcTXe596UypN3BQm84,3
HwaNjn9qIMErWxD7zUPy,3
4ilcBJdk3uARvNphIFy8,3
F8DCsJPuq27T1IkB3ayU,3
CMpESZXjIKbqg7G5NhlV,3
HX5Tvj0lL8oVqCryhp7e,3
fBr3RkmulKAbXEQ4nvzg,3
4md7bUD5MfKjpq8Px0TZ,3
9WMOnQwLKEcCFyX6fs4j,3
fcCVKbupXtDHZkMisaJw,3
9Yz1oNge7y45sStaTn0F,3
9zboVyf3IptCFDOuZlie,3
HyITQWvZXan3zBoDpCA0,3
4Rbo7BA6vqyfMcIJhdzk,3
fDVZY1Wms3GePEk98Uir,3
fEsMVSGolZeiqgz1pPKy,3
a2ISAriOX09MkzcEDedq,3
cQd0vTgykOn1flrxaCAB,3
cqHlrY9oAVpyWMKJ8mOF,3
fgnYk4dvDjt0VoSH8BE6,3
4txzUmCskIHWrpBgLZM0,3
CqQlP6D9YapR71wb2d48,3
4ufQ0DhPlE8xLpoRmJyc,3
Fh9HCK50ZId4PbcQDTJr,3
4z08revYiu6d7aZMTPQL,3
4TmkY68NvzbcRIuOACK0,3
i2SFanX7HzmQCjYKvGrI,3
crB9AngSLtmYldMvoPuK,3
4XvpUxtrIGC8Y2LPAmhS,3
i3aXmKk5LswFcx8dYbBN,3
4wrp1jESmXKUAvH5s2aR,3
a8y1t4E5db2oXgVlnhks,3
i4asgqmJlfer58VvktWz,3
AaKdPBWQD37j9prRxFoZ,3
ErYMOiwT8h3yqvfkm9Pu,4
A7QialhFt2kLjBGXw5qI,4
aeS2NqfM8tWdDKUsQgR5,4
2icwOdb5xCshnIvMXfy4,4
je4HWtx9M5ySpPBO0wgf,4
ARIuhH95Kori4B8wmQLM,4
fMeiEQ4BrOm0dCgY71Fu,4
aRSepuWwyvZLgfXx8m9E,4
2WBAlcgeu4zZbTNy713v,4
Ju4nWgOCHXBlyZmTo51e,4
JzHoWdVa3CrB2qOR1NbL,4
bG4TtEiph3JdyZCNsoz9,4
K4IXeqoLWvYJwg8thdrx,4
4aMbnHlA9es8vKmOFR2Z,4
4GUJ7HBXO8I56WyRSMQd,4
g7sDFNXIqYmCMkWOpPrA,4
KAVHCXZWDib1zxPOqINJ,4
kCyuYhjLRZU7XF52NVzo,4
BV5FwZi6DPO4UcgoG9h1,4
508Uk9z1gvCtucARFWG3,4
kJ1a9c6NoCv4DqA7Hh8R,4
5HbKUA1oyJDeLwhM26Fq,4
l06yuHvrqdzTo8CQeAO5,4
cHGNtfV2oq0UwBWSgA9r,4
gNBSR3AMjacCEUOKFfhW,4
gnKi3qo6WbBSzQs2fRGt,4
l4UcKFH3ZaGOvsxnzYdC,4
gPRfarzs4W7Notj0liHM,4
gq9cv7lPXyzBDsY8SfVe,4
gRBocU81iGy75lemTdsa,4
LCrZhlaY3MnDA1GKwtvT,4
lBuYeZUbtHQVsh7Tn2NJ,4
GTXj5Lg2ZF4tJAsPBCYc,4
6JIAcqDxegQoLzdNM91w,4
6VNXsCD0lueo1nw3KO5M,4
CUomVD70p3O8MFkwiTsd,4
6ZsB7guTtJqAp45VcnS8,4
h9amYlEipKOJtCN25uvB,4
6XvS9xbnOsJKrGL30NZM,4
hlmIHcydkXi31VfWpTG7,4
7LRvGWSE3hKjZlcVgemq,4
7r4nyOFDRwkc2EgxopWV,4
i0JrWpyNfu5vV9tzahSY,4
drBa6Xi5wAsectZYNb2n,4
E4eSC8pqYdrkWfBOtFv5,4
igyFEdlJtGwk8uT2rnNV,4
ePCwhpaOtzJHT4QMBsXZ,4
ErlsfYCZaD0tuLjSo8GM,4
1IpWLz6eyhVxDAfQMKEd,5
GbTUXFYkMoafQSe1zN94,5
Hc5LqZVK2yzlsb8BEfdO,5
CRrAOvzk452LVZIGMWsq,5
epLciPaHrTu1gl4CW7Uf,5
FT2MUWLyVQ1ERiCfgckH,6
ImxloiQ92Xvz8ah6peYM,6
ahPOWpeHdEkJV4BbDNlT,6
DF8mJsVZeA2E6INP03vc,6
dEeZWOx1rz8VsJ94BuPg,6
0df4cbsTBCn1VGW8lQRv,6
ai0YqsQZAbg1IWMvXdoG,6
dI1vM43Nq9uSAlZYCoV2,6
DibnkXflY49wcOpo7vyK,6
69MHIoldGcUTvxEOXJyw,6
AncaPV65W0ugYNvEohMU,6
ansvDACdc5lbXmUYxNWP,6
GBUMvuwR3QHfLSipOohk,6
0uDV25KpjABxvQ1rXgzT,6
GepfoxXH5VWKnhZzYl6U,6
6Ep5PZ3J09edDNo4ahx8,6
DNBtPALuVrzM0Cd3mwcl,6
17jNaPkYIgvUyw9HxC5D,6
6iWV9FBp4nHOu27coSLw,6
ATKzi05WXfeNpJPcvmaZ,6
6GaTso4MCOr0gtjBN3iv,6
DrSkvafcTm2A4BNzdVUt,6
J1OuMlSZboYIRXC03jQD,6
1cdtwSyhmiekLoH7OUEs,6
1IjdZ2HuarlMYEBFbTCK,6
gmqz2kCeo9bVnEhWwBLT,6
1UfOQcbmP40I298aeCpJ,6
6ZpMEfH0nyKexuT7YPQm,6
b3EWAzP4jaUevDKZrfqt,6
E4vqKsZIdNazmDC0F95l,6
2e5P1iKzXugGRBFfOEnc,6
2FpVtbaHJWAG0ImwTzxU,6
edZcFpiJ7kt9bPKqL6Al,6
JnX9eYfjBik8KzyGE7sM,6
7qvZykasB4CizHm8EIhT,6
7rGnF9XMABepRjP48xdT,6
Ee0OgkMFHZxyI5VwlcsC,6
bSMwUTCcY8RqjJxnkBZ1,6
2zN5EbfhwyZKgGodjiQu,6
2xeFtR57KZvX0JndE1rH,6
eMFqiPYQxfpHgKZ3W4lB,6
Enm8Drf9FPs6yjkhvowi,6
86ltmd4JPQnVozyK37bB,6
3fgNi5Fk1QVMqKBXEUnw,6
er3fFEimPIGXOdHL4tx1,6
jwgGHFRmiL6BlXrebIuJ,6
8GF2DkYbJpAi3RqKyLcX,6
3MG6tJEmkClb5pB0aOQT,6
Hos7LWmZR926VO5Kcgpd,6
8qCPkhNr1KJaGtZ35pBc,6
CAeHqYZwpdarUOm0D2tG,6
CDFibvHczSl9akfOEBwo,6
HpSJQCGdyYItqOeUuo3A,6
CeMBQkDHf3rcTI0AaSh4,6
hqw8ogsWNJYEvS7c0BOk,6
41bvS96LOdtCgmxfEhTs,6
ht5xflFqOHX0p1Us7PoZ,6
45Vh6aQiPqovLmgMFXdw,6
93tGL7eRYkUqXnDw8POJ,6
F5seRNPKIpdXGfZCzVcq,6
ChvufROr8IQNFgstPBJW,6
4cPt7qBs9CEIgNkhRXKM,6
KC4y0GNUxi6AvuRpQwsj,6
CkzYDnrHsLQpKwhfxbU8,6
9kcl1e37zbpLWTPhSoiH,6
khTQWFojGfuKZcS5C3VI,6
4Kr1hQyLdEMq9AmYIlzR,6
9MUbAjTmtNyZ5cLnlxRg,6
CLJUMfrb1jF4VliXSuTB,6
9YUP4268XrNQmCpzdf0i,6
a3UjzHb2mkQxnJdtZsRV,6
CWDE4xUiRdwmFGAt80pn,6
iFCQuWqZXf75M1rwYJsT,6
Ig9ZEaGmMrT1lHJhRPQx,6
5BlRFpdAb3OqosmfPZNT,6
D3n6SdQlaemK42C9gfR0,6
0ACDbR5M3ZhBJajygTuf,7
0BIdbVDEgmPwjYF4xzir,7
Kvxm20yICftr8djGVqUA,7
KWg8T3NOYaQBF0tMqLm5,7
GF8K2TW3s9QUjRzxbr5v,7
0YJRabHQ1reDxN3yjUCd,7
bMZdDnzxyquvFwS8J6KI,7
1Flm7qajnOzdtwBZ29gL,7
bRoM4EpjukSGXwAlZ6zn,7
GNy1v4n6iV8zlwOPKDeI,7
1KjZ4An78sOytkzgRL0E,7
GyRxVEwf1DFl5jJrsZaM,7
1QuMnTw8zc3oWLSZ4KXt,7
1vhszDdnUVgZ9M5kRYQx,7
2ZlLcMw4Vkim1pNYXj9v,7
HWhSIz2mFVokMc4E7CaQ,7
37Og0blzE4WYpZ5c9LMN,7
HzGMQNh0jB814iA5DbYI,7
Cz3Vx6ERt5LkrXy9BMOK,7
5XPfYvNdQRIBJoWmj3Os,7
Dn4rZAFdVq6gHktTziEC,7
dOc4AD20ltIzKYHCPNFS,7
ij8Lk6IpxTzC4WUH79Gv,7
DtBPhFYTCJ8lcEp7Ojke,7
DTpxgrKlodtZfV7jscJq,7
du6hbLIPwW2aGYZkNRQV,7
dXjshFqBCTlzow9QZmEc,7
E7MyKF6Tbj2L98GASrYW,7
JhufrNciMQKETOUGZ8Ls,7
8nEhOVz5vMCKpNrBRg2D,7
eshmyC9W8ckUO1SYuAjn,7
et8JFZUipOPKBl3DsEGo,7
eVX5tAiMkBW6TL9HCJcg,7
A7g1E4jMhaFSwliBqHnX,7
JtWKrxZDdMpCPNkRLEbH,7
jWN2deuOSfDhU4cR6XVA,7
acsNRgv9KxMnXAE2YSI6,7
f7FStL5cPTXbQkoZDduC,7
kdmNfXGWslxUa3yATSFw,7
aUufGnCVsQDZogv7wHiN,7
BvU3AbFVu1awtI9QGzhR,8
bxGymYEIRU3uXZ0KP9gH,8
i8LcqhIaNp4X3Jd0vV1P,8
ib3WANySVt0l5nBkhELD,8
C6pcTZjgKOMtB0iREaSe,8
idNxFM4agPHCkKzbr2Zh,8
0R3rxkTidWOuPI5MUbL6,8
iFBGbfdVOylxsNM2LRm6,8
IFGzJ3dxjPurAUXKwpgl,8
cEaWDOBIweu0jkQUNTLH,8
0wkFafuhqSr1Z5J7K6C9,8
0wqQj9ngaAVxI4SLr5H7,8
0wtIHxfBDmYRQ7GWSaTj,8
0XnPCouGZdhIKliOFQHr,8
chIxPYzG7tBTm9AXDgUC,8
0ZAJlqmphO4fjnVB6bMz,8
ioEn2sGfdQ0z87DKeF4B,8
CMlwq0OXr8ygBbNESAIs,8
1GmZULtOThSYEx4sNWDC,8
1hAQV0ebMLSgy4ktpfoC,8
1hex2VAaHSC6lPv3ILOw,8
CO18w5p9ZeBlqIKPhiyj,8
iQ2sjWu1867hVrJ4wKoy,8
cOGaJdDyevIn7XBouj5U,8
Cqwcl7m6vezMOAiEnKWp,8
1S48g5NjfO0arVmqcoU2,8
1QTsYc7DZ2VxmfJFUXhN,8
iz4u6S0COBGKeUkcjrHa,8
cXdSgbQMu2Epl9A7WrNs,8
2dqWPx6MhJZoY37vL1gT,8
d3OyhCmaB9zln4AwTRGW,8
d5GCPxQuly4m6hEn0gqk,8
2OZkNTqAJ8X61eK4pjhR,8
2rvzoQwniG6SRm1ybZ7C,8
DA5oqlUBMgiPymLxrIcJ,8
deOcZLbwRBp9y10liCj5,8
dk4HiPSRzsfbBGVMqNac,8
jQtFBuMp4SDwin6lPrGx,8
JsNlyIfVSCr94oA07Wxw,8
jWNEnHAV6QLM9bTPeFyS,8
JXnFkjMV91yufWa0Us4N,8
4EkPyotphi7jl8g3r2JH,8
DTWtmMOnSVQ6L8KxEwba,8
DW4JTXzdAu08aLeQOFPt,8
DyHEmqIAUN7LVO2a5zZc,8
K7AwxRfWPnc3hzXLatQE,8
k8eJUjLvbnw0NCI4Ttu2,8
DZvJ1nBiqaL34YSwo8k0,8
4wyQxRhbPCgjpkfWMNV6,8
4XU0IsMdoj31PuckzJ7r,8
52HWtsPqbBSn0awgkhTe,8
kGOH7PtQCVpY0JLKXUvj,8
56twYAxvZmueIQ42noik,8
kISMDrwt2uQCPOmZLKHE,8
ECiA7GPQj6MNZtSJvRqL,8
KNgWvxRr1p8qEfdlsLYM,8
5jlRhIpWKDYNbSHcsJGr,8
5MduI1Bv3KD0ZkHtm4ol,8
EgymHkwfrqWDp28M7dJe,8
5R7IHhyprqkta0CJVLdF,8
5rlfRGhezLMBpsV9YJt8,8
5W4u3pSRyDefEKhVNZms,8
ewvkZjT3McJArUo7bQHK,8
6PedV7uYhBAv1iIxoTMW,8
f0FrYtI6vA7P2eZ18izX,8
f8xWDewNt9qrPzhp1Rdm,8
75ItWqpMPsL0ng1AdCDF,8
7AJMbxOIN3YyFnjg5oDR,8
FbtjwxYNJlpdC764rITZ,8
7dW2EIJqY86gKjPbtCkw,8
7g6SfEJzqL3nh5cK1MlO,8
FdSyWHUrZqeo9aE1mI7O,8
feCLEnBkHFvKpWirShuV,8
fG0ixV6kJ8vFHubTchgN,8
FGPHc0QSsMmYUfraOil2,8
7rA0i63yVHEovbzemk5W,8
fJRYcZ6pEjGS2XDiNvI1,8
7Upjf5qMRYvm0HgrQeFZ,8
7Z54Kq6E2GTvgbyXunm8,8
FnXVjLgJDclyUw9h213B,8
82C7lgFmjsNTu9fBdHbi,8
FNxZ7YXTQ56jlWg41uAU,8
FoS47rVe0NgkwqDayJ3v,8
8GAc1VdPixk7WN9gm5F4,8
8lWuh0BxUI5s1OrbQ3Tm,8
fyPGVdkrRq4mWwIogJea,8
fZiGCdEYQJ8OVIz7sUyr,8
g1Uw2y9I4EX83msAMQcK,8
G2pLR7TatM5XKCbWoh3O,8
9fcqns4I3ePECOVMyxp5,8
G8ukS97hQUnO13ZIXoLM,8
gAdFOfVQUxbq738orWZC,8
9l5grVFxD4EItfTnqmks,8
gE6dlac4mB9VrXCLID2M,8
9QhMT0KDxlrNbUosASgi,8
9yEvV8KfDm3hcUZPqBe0,8
GhHS0zL9cgNXFK6j1dIJ,8
GlduQtUf3I1hAWYwyFLs,8
AdPQ2sY3WVBFj1ihxt0p,8
af5pr6Fw0xecMobXtNzT,8
AFDTobPuRY6cIKzJiwXB,8
agltS1qfOZiUvzBy24uc,8
gquE91nRUy3XjiOdBfhW,8
h2KnxiqVodPEjrCGuF17,8
H9bGFP0xjDkldfUmX7vA,8
HareMcE1jJ3WqsOXDopb,8
HcZqh15GQi8J7g9WvUDp,8
AzlMdBSOuma253te0bjX,8
hF0wbPOp7asyZTzNCqrD,8
HhDF2X8OmRbwZjBVQPxC,8
BA24HVUN1ptD6KORFwsz,8
hj0ZHlDCLXgT5FOrzk1i,8
BFRTaeYZQhGOKp6uMEHi,8
HNpYIJlrkg9oMPc2b3C8,8
bIC9f4xQYOm3SMpvgtWD,8
bKUMpyOl7R4G3id86Pc9,8
hS1lyzcapZusPmKUv34W,8
Bo1NCzWcGTYOHQ39vMga,8
hsopEiH3WtQcLxwGjNy8,8
HSyB6uiIDacmkpwsG9Jh,8
bPjNyQd5VM3oArFuWUge,8
HweGIBg6YCTVOnNvak0F,8
hwekzyp1YmGI3joFdLaP,8
01azqd4InC7m9JpocGv5,9
CM0B6DmviQhWLzTuHRnV,9
cnizHQLPYVmwXT2b3jRE,9
07ECKjDTyQLnabNoxrIH,9
0CPaAXtyswrBq83D6VEg,9
Crf0YyHJukXG35MldUSV,9
CS8VeJ613FL9spGiuY45,9
0czUXKSCiGY2j5mxLdWa,9
D4NQLor5zyHsjYCukl0O,9
d69TJVnLQBqZCIaY2o3E,9
1PBLNzoZlUuWEvAt8MHq,9
1XtkeS5VmHTrwaRGAzMh,9
deVSk7LFDw5r1Ihq43GZ,9
dILobOrVQ9TGuHfU60JD,9
2gXZWDA3VeTPr1I7pjYa,9
DltQIwzFoACY78VGd1pu,9
2NakDPd4GWEwzuHhTx5o,9
dRAZE56pjBH8JwFnx9Uh,9
2uPwGIAmqLodYFnNWBa0,9
DzbAP8aBvgfkwVn29yTX,9
dZv5FgTBxasz7GMhKRSL,9
3CzXANVvEmalqJLBuWbH,9
3ESs1rk0uyp9wlGgFaKj,9
3KCHUXujYosV6ywDkZPA,9
3L9crexw581VMXajnsmB,9
3oA2emBxRQTkvDrVqPfL,9
3Oy1Wo7T0QxYILi8mlVg,9
3pNQ4kCvMSceHP7YzqKa,9
3pQoC5gV4ljNfdXHTEx2,9
eFK1IWckUmuM3oCAjON0,9
EMo7F2Xe8pgWKZfwhHuV,9
4e3mraTBH6EvMYXyUVtp,9
4dYWHLCBPVg5xTAzRK0e,9
EVb2miqJLBj4kTlfzwvS,9
Fc7z9kKf5ZUwpyqC8L21,9
fE8nLpWCmaTtuvchbR1I,9
FfxBsCDyAul0HSgtGdM1,9
5TpJycItjG3gXY0F2nWL,9
FPrCDVSpITEWtUyMuozc,9
fPV9HUmW2kwINly8YhOS,9
ftboX4CmgIYJ3UTpAqS7,9
FvEJe7LOjwDranG2tcf9,9
6KauYyxGt1n8wViqbe5X,9
6rBCZSJ29AP1VQtkwz7u,9
6tGhqxwai7TfWSby8lUO,9
g46jFCHzY1oqtws0yxO5,9
G5s0wMUhuWJi1ckDSzn4,9
6WQwdE8cos0DCvSGtmZI,9
74KWaPkrADuI3JU1yseB,9
7I1WuTt0o4Eg6wZJAPef,9
GKL3rD2YSf9xiXIPzeb6,9
GOmnSkldHD5ABFoNX7Jz,9
84ViQ93gyPruDSoOn7zw,9
8KZ4WQGTEfJYnONerwbV,9
h4BSMuatm2gwqDs8dLJk,9
8UhJWnK6pLDHAP4gt02r,9
HCGEdW14Kze8xNpaPXqU,9
hFAlObnD1iHQTdgMGBY2,9
Hfo6yVm1zvZaYlTeG59b,9
93u1tN26E8eySoFxaign,9
HiOWw8CRpay9fEM63KLs,9
9EnBSdaVmKxjteDRPJ2U,9
hJAuWl3aGKLbRz0gtiSe,9
9J3ytOwfECdTV52ncMiU,9
HQsxB8eSMlgV9zIPtvWC,9
a2OvLp5VbA67WKHq0ykc,9
a4mHXyRFw3jUAgcdq6Op,9
AdpPZmQ4xzHO3WwFTqLe,9
AgfxJMKRqbt0SnsjN2yQ,9
iFG7jwNOmPvgckQVdf0p,9
AkmwZ96MNWGXnObY21SQ,9
IGX67kgpuNz8JD4Ciwd2,9
iH0WPl3gvIBwexmry2ES,9
anLyI5TAlkjH3OshJUF1,9
ikNI3YPuFznBR1ydWDK5,9
IkzqRMZW71YALpX6VtCf,9
iPFa4r6moSNthpqB2RDV,9
AyCpqod2kgXKjOnlEbvV,9
ItHfy5k2V6T9MNLs83ae,9
JAvZf2EF7UHC6OKL81Gm,9
JaxoikOjnRvIHFAzBMUD,9
jbkwtqSZ6HavpN7Rr8el,9
jEVAIFWvTw1hu3yrizUa,9
BIoAC51ZjKvwlkWcigzs,9
bj1D4GtRqlJwX9ypBE2g,9
BJxWKlM3u74OAEkSoysr,9
bmcues3zpy2jZNF1XnTP,9
bNgISHR9Mt8ZzjyJXGUs,9
BP1nuwOygHtXK57Ymdb6,9
jmIbaRlXMCkYHt5p4wos,9
BqXn7hw20xA6d3Di9QzY,9
JonIk6ScNpZM7WgFzm1D,9
BvWnd3XlLYb1QGAyP6Zf,9
bwRF4icVxTHzGnUKvu2s,9
byp4AhFJdw5z703jLIZO,9
C1E8oxt6VhKuSUIjap2P,9
jVEk2G0fyQUiNWbxAzch,9
c5ydbUrj02fYH9qo87Lt,9
cBI4bRkZVxHU7f1ug6tD,9
cKuqPZrSGzvN0nyblm5C,9
CL7wiUdlhOvgaJesfrmW,9
ClPyvT5IjZts9MbdAWOG,9
